programming language,tiobe index ratings,job amount,average salary,location,linkedin skill,github user count,wiki view Oct 2024,search count Oct 2024,stack_overflow_count_2024
Java,10.51,728,6153528.08741731,"['East Kalimantan', 'West Java', 'Bali', 'Yogyakarta', 'East Java', 'Lampung', 'Jakarta', 'Central Java', 'South Sulawesi', 'Banten', 'North Sumatra', 'South Sumatra']",103000,6800,1577.0,13,202
JavaScript,3.54,1111,6168157.003505131,"['East Kalimantan', 'West Java', 'Bali', 'Yogyakarta', 'East Java', 'Jakarta', 'West Nusa Tenggara', 'West Kalimantan', 'Central Java', 'Banten', 'North Sumatra', 'West Papua']",118000,11400,2134.0,18,474
Dart,0.56,32,6250160.575302064,"['West Java', 'Yogyakarta', 'East Java', 'Jakarta', 'Banten', 'North Sumatra']",945,877,170.0,0,129
Node.js,0.0,450,5596209.021148038,"['West Java', 'Bali', 'Yogyakarta', 'East Java', 'Jakarta', 'Central Java', 'Banten', 'North Sumatra']",34000,-1,399.0,4,291
PHP,1.21,505,5762279.073145573,"['West Java', 'Bali', 'Yogyakarta', 'East Java', 'Jakarta', 'West Nusa Tenggara', 'West Kalimantan', 'Central Java', 'Banten', 'North Sumatra', 'South Sumatra']",123000,8600,1445.0,16,272
Visual Basic,2.35,234,7144311.004662363,"['East Kalimantan', 'West Java', 'Bali', 'Yogyakarta', 'East Java', 'Jakarta', 'West Nusa Tenggara', 'Central Java', 'Banten', 'North Sumatra']",32000,0,714.0,7,0
MySQL,0.0,511,5282098.994573214,"['East Kalimantan', 'West Java', 'Bali', 'Yogyakarta', 'East Java', 'Jakarta', 'West Kalimantan', 'Central Java', 'Banten', 'North Sumatra']",129000,-1,985.0,43,380
TypeScript,0.32,211,6615735.536738093,"['West Java', 'Bali', 'Yogyakarta', 'East Java', 'Jakarta', 'Banten', 'North Sumatra', 'West Papua']",14000,1600,-1.0,10,284
SQL,1.64,793,6759264.31838862,"['East Kalimantan', 'West Java', 'Bali', 'Yogyakarta', 'East Java', 'Jakarta', 'Riau Islands', 'West Nusa Tenggara', 'Central Java', 'Banten', 'North Sumatra', 'West Papua']",143000,6,708.0,54,390
PostgreSQL,0.0,365,5041078.898883171,"['East Kalimantan', 'West Java', 'Bali', 'Yogyakarta', 'East Java', 'Jakarta', 'Central Java', 'Banten', 'North Sumatra']",36000,-1,277.0,23,399
Flow,0.0,120,9290698.169868832,"['West Java', 'Bali', 'Yogyakarta', 'East Java', 'Jakarta', 'Riau Islands', 'Central Java', 'Banten', 'West Papua']",0,-1,-1.0,0,0
CHAIN,0.0,64,15192250.868864454,"['West Java', 'East Java', 'Jakarta', 'Central Java', 'Banten']",0,-1,-1.0,0,0
Z++,0.0,99,11847031.221049825,"['East Kalimantan', 'West Java', 'Bali', 'Yogyakarta', 'East Java', 'Jakarta', 'Central Java', 'Banten']",0,-1,-1.0,0,0
FOCUS,0.0,326,8253786.878237909,"['East Kalimantan', 'West Java', 'Bali', 'Yogyakarta', 'East Java', 'Jakarta', 'West Nusa Tenggara', 'Central Java', 'Banten']",0,-1,-1.0,0,0
Python,21.9,675,6328999.928444785,"['East Kalimantan', 'West Java', 'Bali', 'Yogyakarta', 'East Java', 'Jakarta', 'West Nusa Tenggara', 'Central Java', 'Banten', 'North Sumatra']",113000,6100,2736.0,86,311
kernel,0.0,1,34507957.0,['Jakarta'],0,-1,-1.0,27,0
Address,0.0,141,6299805.372725985,"['East Kalimantan', 'West Java', 'Bali', 'East Java', 'Jakarta', 'Riau Islands', 'Central Java', 'Banten']",0,-1,-1.0,0,0
ASP.NET,0.0,84,5711475.593743629,"['West Java', 'Bali', 'East Java', 'Jakarta', 'Central Java', 'Banten', 'West Papua']",12000,8,16.0,6,63
C#,5.62,225,6280696.306146191,"['West Java', 'Bali', 'Yogyakarta', 'East Java', 'Jakarta', 'Central Java', 'Banten', 'North Sumatra', 'West Papua']",32000,1200,310.0,34,146
JS++,0.0,181,5600773.319669451,"['West Java', 'Bali', 'Yogyakarta', 'East Java', 'Jakarta', 'Central Java', 'Banten', 'North Sumatra']",0,-1,-1.0,0,0
C,8.38,362,5928978.561136166,"['West Java', 'Bali', 'Yogyakarta', 'East Java', 'Jakarta', 'Central Java', 'Banten', 'North Sumatra', 'West Papua']",25000,1200,1252.0,41,120
GraphQL,0.0,62,5751854.840652354,"['West Java', 'Bali', 'Yogyakarta', 'East Java', 'Jakarta', 'Banten', 'North Sumatra']",4200,-1,-1.0,1,0
Go,2.02,211,7847129.7347823875,"['West Java', 'Bali', 'Yogyakarta', 'East Java', 'Jakarta', 'West Nusa Tenggara', 'Central Java', 'Banten']",15000,1000,28.0,30,249
Ada,0.73,71,7701312.460197072,"['East Kalimantan', 'West Java', 'Bali', 'Yogyakarta', 'East Java', 'Jakarta', 'Central Java', 'Banten', 'North Sumatra']",0,0,100.0,0,11
Ruby,0.99,112,7351875.455507939,"['East Kalimantan', 'West Java', 'Bali', 'Yogyakarta', 'East Java', 'Jakarta', 'Central Java', 'Banten', 'North Sumatra']",3500,1100,330.0,2,42
MariaDB,0.0,24,5157964.20480754,"['Bali', 'Jakarta']",2600,-1,85.0,78,204
Scheme,0.05,6,11844474.673449611,"['Bali', 'Yogyakarta', 'East Java']",0,1,-1.0,0,0
Expect,0.0,33,17920520.2997776,"['East Java', 'Banten', 'Jakarta']",0,-1,-1.0,0,0
Copilot,0.0,8,10416144.382139197,[],0,-1,-1.0,0,0
Solidity,0.27,4,9521067.869493987,"['Central Java', 'Jakarta']",1000,78,68.0,10,19
solid,0.0,338,6382359.167111682,"['West Java', 'Bali', 'Yogyakarta', 'East Java', 'Jakarta', 'Central Java', 'Banten']",0,-1,-1.0,0,0
pipelines,0.0,244,5560387.992877893,"['East Kalimantan', 'West Java', 'Bali', 'Yogyakarta', 'Jakarta', 'Central Java', 'Banten']",0,-1,-1.0,0,0
RAPID,0.0,31,5498341.381929189,"['West Java', 'Banten', 'Jakarta']",0,-1,-1.0,0,0
NPL,0.0,1,11004708.625,['East Java'],0,-1,-1.0,0,0
april,0.0,3,4708513.986111111,['Jakarta'],0,-1,-1.0,0,0
flagship,0.0,11,6203420.772235206,"['Bali', 'East Java', 'West Java', 'Jakarta']",0,-1,-1.0,0,0
Swift,0.98,96,6856960.628534172,"['East Java', 'Jakarta', 'Central Java', 'Banten', 'North Sumatra']",4600,271,95.0,0,49
Small,0.0,72,13011626.419631569,"['West Java', 'Bali', 'Yogyakarta', 'Jakarta', 'Central Java', 'Banten']",0,-1,-1.0,0,0
Kotlin,0.97,117,6101024.9262127,"['West Java', 'East Java', 'Jakarta', 'Central Java', 'Banten', 'North Sumatra']",8300,1100,326.0,11,135
Simplicity,0.0,5,10856018.1374031,"['Bali', 'Jakarta']",0,-1,-1.0,0,0
Perl,0.56,18,7126649.348725472,"['East Kalimantan', 'Central Java', 'Jakarta']",1200,42,171.0,1,14
C++,11.6,118,5903931.743223736,"['West Java', 'East Java', 'Jakarta', 'Central Java', 'Banten', 'North Sumatra']",58000,2500,2039.0,69,146
Scratch,1.41,25,6819342.410831299,"['Jakarta', 'East Java', 'Banten', 'West Java']",1000,-1,4784.0,60,0
R,1.09,148,8115521.460633558,"['West Java', 'Bali', 'Yogyakarta', 'East Java', 'Jakarta', 'West Nusa Tenggara', 'Central Java', 'Banten']",21000,301,3071.0,35,41
F,0.0,14,15115687.341627616,"['Bali', 'Central Java', 'East Java', 'Jakarta']",0,-1,-1.0,0,0
Rust,1.45,27,8891196.888704723,"['West Java', 'East Java', 'Jakarta', 'Central Java', 'Banten']",856,101,188.0,6,152
Groovy,0.05,10,10062850.58605517,['Jakarta'],435,44,-1.0,1,16
Scala,0.64,36,6069870.496656338,"['Bali', 'West Java', 'Jakarta']",584,16,69.0,2,18
Revolution,0.0,61,3054643.915108728,"['South Kalimantan', 'Riau', 'West Java', 'Bali', 'Yogyakarta', 'East Java', 'Jakarta', 'Riau Islands', 'South Sulawesi', 'Central Java', 'Banten', 'North Sumatra', 'South Sumatra']",0,-1,-1.0,0,0
MATLAB,1.48,17,5764911.548656295,"['Yogyakarta', 'East Java', 'Jakarta', 'Central Java', 'Banten']",34000,109,463.0,48,29
Apex,0.05,11,7816074.484489086,"['East Java', 'Banten', 'Jakarta']",0,-1,-1.0,0,9
Click,0.0,54,8351127.926814728,"['West Java', 'Bali', 'Yogyakarta', 'East Java', 'Jakarta', 'Banten']",0,0,-1.0,0,0
Adept,0.0,21,7698934.300564067,"['Jakarta', 'East Java', 'Banten', 'West Java']",0,-1,-1.0,0,0
.QL,0.0,26,4766819.031018988,"['Central Java', 'East Java', 'Jakarta']",0,-1,-1.0,0,0
dss,0.0,2,8298783.857954545,['Jakarta'],0,-1,-1.0,0,0
SPARK,0.05,82,3916176.649491272,"['Bali', 'East Java', 'Banten', 'Jakarta']",0,-1,-1.0,0,0
Pure,0.0,3,10880799.885335917,"['East Java', 'Jakarta']",0,5,-1.0,0,0
GAP,0.0,23,27730938.96393032,"['West Java', 'Jakarta', 'West Nusa Tenggara', 'Central Java', 'Banten']",0,-1,-1.0,0,0
Falcon,0.0,2,11286666.666666668,['Jakarta'],0,-1,-1.0,0,0
Alpha,0.0,3,8374726.930320151,['Jakarta'],0,-1,-1.0,0,0
Plot,0.0,46,9235123.102766791,"['West Java', 'Lampung', 'East Java', 'Jakarta', 'Central Java', 'South Sulawesi', 'South Sumatra']",0,-1,-1.0,0,0
Joy,0.0,57,6746368.332314458,"['Bali', 'Yogyakarta', 'East Java', 'Jakarta']",0,-1,-1.0,0,0
CONVERT,0.0,23,10261980.620536214,"['Bali', 'Yogyakarta', 'West Java', 'Jakarta']",0,-1,-1.0,0,0
Frank,0.0,1,9373333.333333334,['Bali'],0,-1,-1.0,0,0
P,0.0,38,12245767.634765225,"['East Kalimantan', 'Banten', 'Jakarta']",0,-1,-1.0,0,0
lever,0.0,1,9373333.333333334,['Jakarta'],0,-1,-1.0,0,0
JADE,0.0,5,7745929.005253856,['Jakarta'],0,-1,-1.0,0,0
Blue,0.0,3,85880514.92929292,"['Bali', 'Banten']",0,-1,-1.0,0,0
THINK C,0.0,11,5742402.231619129,['Jakarta'],0,-1,-1.0,0,0
Inform,0.05,32,8375049.3760997085,"['East Kalimantan', 'West Java', 'Yogyakarta', 'East Java', 'Jakarta', 'Central Java', 'Banten']",0,-1,-1.0,0,0
NATURAL,0.05,68,9016125.28043656,"['Bali', 'West Java', 'Banten', 'Jakarta']",0,-1,-1.0,0,0
Reason,0.0,11,20211266.15093236,['Jakarta'],0,-1,-1.0,0,0
ARM,0.0,6,4633452.373737373,['Jakarta'],0,-1,-1.0,0,0
SR,0.0,6,6667699.874120644,"['Yogyakarta', 'West Java', 'Jakarta']",0,-1,-1.0,0,0
Crystal,0.05,11,5114617.806365192,"['Banten', 'Jakarta']",0,9,-1.0,0,12
PowerHouse,0.0,11,6412519.519480521,"['East Java', 'West Java', 'Jakarta']",0,-1,-1.0,0,0
Conceptual,0.0,22,6264479.335630361,"['Bali', 'North Sumatra', 'Banten', 'Jakarta']",0,-1,-1.0,0,0
Factor,0.0,10,7026807.65904218,"['Central Java', 'Jakarta']",0,0,-1.0,0,0
False,0.0,2,5447083.333333334,['Jakarta'],0,-1,-1.0,0,0
RPL,0.0,4,7686666.666666667,"['Yogyakarta', 'Jakarta']",0,-1,-1.0,0,0
SQLite,0.0,12,5033166.800400964,"['Central Java', 'East Java', 'Jakarta']",3600,-1,105.0,33,256
fe,0.0,7,4044916.808463504,['Jakarta'],0,-1,-1.0,0,0
Chrome,0.0,3,10337008.121447029,"['West Java', 'Jakarta']",0,-1,-1.0,0,0
Tao,0.0,4,7667711.864406779,['Jakarta'],0,-1,-1.0,0,0
Flavors,0.0,4,4648998.8566308245,"['Central Java', 'Jakarta']",0,-1,-1.0,0,0
Cyber,0.0,15,4851949.876868513,"['Central Java', 'West Java', 'Jakarta']",0,-1,-1.0,0,0
Bash,0.05,42,6491318.345677298,"['East Kalimantan', 'Yogyakarta', 'Jakarta', 'Central Java', 'Banten']",319,-1,77.0,0,0
DEMOS,0.0,7,8340721.645021646,"['West Java', 'Jakarta']",0,-1,-1.0,0,0
Q,0.05,4,13753915.681818182,['Jakarta'],0,-1,-1.0,0,0
PROMETHEUS,0.0,29,4657207.470512622,"['North Sumatra', 'Yogyakarta', 'Central Java', 'Jakarta']",152,-1,-1.0,0,0
Gist,0.0,3,4191111.111111112,['Jakarta'],0,-1,-1.0,0,0
PILOT,0.0,6,10826544.252877614,['Jakarta'],0,-1,-1.0,0,0
REDUCE,0.0,28,5395293.120739435,"['West Java', 'Bali', 'East Java', 'Jakarta', 'Riau Islands', 'Banten']",0,-1,-1.0,0,0
Monkey,0.0,1,9373333.333333334,['Jakarta'],0,-1,-1.0,0,0
Z,0.0,1,9373333.333333334,['Bali'],0,-1,-1.0,0,0
abs,0.0,1,9373333.333333334,['Jakarta'],0,-1,-1.0,0,0
FaCT,0.0,5,29778526.01832276,"['Bali', 'Jakarta']",0,-1,-1.0,0,0
MACRO,0.0,2,68067052.86363636,['Jakarta'],0,-1,-1.0,0,0
FLUX,0.0,4,11001366.058827206,"['Banten', 'Jakarta']",0,0,-1.0,0,0
ECMAScript,0.0,3,13176238.465116275,"['Yogyakarta', 'Jakarta']",68,-1,-1.0,1,0
Argus,0.0,3,10322222.222222224,['Jakarta'],0,-1,-1.0,0,0
Assembly,1.13,6,9375530.66194122,"['Riau Islands', 'Central Java', 'East Java']",2200,48,486.0,54,35
PowerShell,0.21,21,5552177.658067975,"['Central Java', 'Jakarta']",847,46,8.0,38,63
Visual FoxPro,0.67,5,4916170.059592846,"['East Java', 'Jakarta']",1500,-1,125.0,2,0
FoxPRO,0.67,6,4637549.741552597,"['East Java', 'Jakarta']",1600,-1,-1.0,1,0
Delphi,1.68,5,5088090.1441868255,"['East Java', 'Jakarta']",770,-1,169.0,0,28
SCM,0.0,2,9190476.19047619,['Jakarta'],0,-1,-1.0,0,0
Red,0.0,14,9600474.90325898,"['Riau Islands', 'Yogyakarta', 'West Java', 'Jakarta']",0,0,-1.0,0,0
MetaL,0.0,3,6789724.960127592,['Jakarta'],0,0,-1.0,0,0
SaltStack,0.0,1,14000000.0,['Jakarta'],31,0,-1.0,0,0
bamboo,0.0,13,4155178.345026291,['Jakarta'],0,-1,-1.0,0,0
Mercury,0.0,3,12842905.131782943,['Jakarta'],0,0,-1.0,0,0
UNITY,0.0,12,6091128.553806561,"['Bali', 'East Java', 'Banten', 'Jakarta']",10000,-1,-1.0,29,0
Arduino,0.0,2,3889331.25,['Jakarta'],23000,-1,2663.0,86,0
SAS,0.76,15,3107142.7691049664,"['Yogyakarta', 'Central Java', 'Banten', 'Jakarta']",3800,1,122.0,0,0
SPSS,0.0,22,2049910.28708134,"['Riau Islands', 'Central Java', 'Banten', 'Jakarta']",83000,-1,1517.0,0,0
SIGNAL,0.0,4,2974287.2807017546,['Central Java'],0,-1,-1.0,0,0
Spatial,0.0,15,3137366.9030568367,['Jakarta'],450,-1,-1.0,0,0
AL,0.0,5,5022470.8556217095,"['Central Java', 'Banten', 'Jakarta']",0,-1,-1.0,0,0
jasper,0.0,3,11754785.899224805,"['Banten', 'Jakarta']",0,-1,-1.0,0,0
PowerBuilder,0.0,1,11000000.0,['Jakarta'],527,0,-1.0,0,0
SRL,0.0,2,11632178.848837208,['Central Java'],0,-1,-1.0,2,0
Logos,0.21,2,6813000.0,['Jakarta'],0,-1,-1.0,0,0
Virgil,0.0,1,11000000.0,['Jakarta'],0,-1,-1.0,0,0
Dale,0.0,1,11000000.0,['Jakarta'],0,-1,-1.0,0,0
LUCID,0.0,1,11000000.0,['Banten'],0,-1,-1.0,0,0
CUDA,0.0,2,15000000.0,['Jakarta'],284,0,-1.0,0,0
LINQ,0.0,1,12264357.697674418,[],1000,-1,-1.0,0,0
JOVIAL,0.0,2,12264357.697674418,['Jakarta'],0,-1,-1.0,0,0
APL,0.05,3,6019884.435550963,['Jakarta'],0,0,-1.0,0,0
BASIC A+,0.0,6,3509775.333982419,"['Yogyakarta', 'Jakarta']",0,-1,-1.0,0,0
Cell,0.0,2,7407602.577650769,['Jakarta'],0,-1,-1.0,0,0
MIMIC,0.0,4,5400189.961071825,"['East Java', 'West Java']",0,-1,-1.0,0,0
Charity,0.0,2,6520336.743574051,"['West Nusa Tenggara', 'Central Java']",0,-1,-1.0,0,0
Meson,0.0,1,12264357.697674418,['Jakarta'],0,0,-1.0,0,0
DYNAMO,0.0,1,12264357.697674418,['Jakarta'],0,-1,-1.0,0,38
Haskell,0.56,3,9026520.950991984,"['Central Java', 'Jakarta']",20,40,74.0,6,11
PLANNER,0.0,2,12264357.697674418,['Jakarta'],0,-1,-1.0,0,0
Gherkin,0.0,3,6075217.678632851,['Jakarta'],1000,0,-1.0,0,0
frame,0.0,4,5278802.215552111,['Jakarta'],0,-1,-1.0,0,0
Tea,0.0,1,31222900.0,['Jakarta'],0,-1,-1.0,0,0
Sqlalchemy,0.0,6,3709826.3210376888,['Jakarta'],226,-1,-1.0,17,0
Erlang,0.16,14,3291520.9981992943,['Jakarta'],101,9,-1.0,18,18
Sage,0.0,5,3193881.4513005977,['Banten'],0,-1,20.0,0,0
Lisp,0.52,1,2550847.4576271186,['Central Java'],104,1,118.0,8,13
Lua,0.56,1,2550847.4576271186,['Central Java'],327,145,42.0,22,46
F#,0.15,1,2550847.4576271186,['Central Java'],0,2,-1.0,0,12
bloom,0.0,3,3112134.04887096,['Central Java'],0,-1,-1.0,0,0
score,0.0,4,2097275.7795171365,"['Bali', 'Jakarta']",0,-1,-1.0,0,0
HL7,0.0,4,3055351.5542120533,['Jakarta'],60,-1,-1.0,0,0
VBA,0.0,9,2669043.566689615,"['West Java', 'Jakarta']",3500,-1,147.0,50,28
ActionScript,0.05,3,3112134.04887096,['Jakarta'],1000,19,109.0,1,0
Elixir,0.16,4,3212282.5826624166,['Jakarta'],233,17,86.0,0,34
MAPPER,0.0,1,3178571.571428572,['Jakarta'],0,-1,-1.0,0,0
Boo,0.0,7,2400483.054421769,['Jakarta'],0,0,-1.0,9,0
Pan,0.0,2,2902285.785714286,['Jakarta'],0,0,-1.0,0,0
l2,0.0,13,5554524.992813157,"['Central Java', 'Jakarta']",0,-1,-1.0,0,0
Augment,0.0,2,1895989.2583732056,['Jakarta'],0,-1,-1.0,0,0
FP,0.0,2,776315.7894736842,['Jakarta'],0,-1,-1.0,0,0
Vale,0.0,2,776315.7894736842,['Jakarta'],0,-1,-1.0,0,0
candor,0.0,1,776315.7894736842,['West Java'],0,-1,-1.0,0,0
Stata,0.05,1,776315.7894736842,['Riau Islands'],831,-1,86.0,27,0
Arc,0.0,1,3015662.727272727,['Jakarta'],0,0,-1.0,0,0
DML,0.0,8,3062648.019556395,"['Yogyakarta', 'Jakarta']",0,-1,-1.0,40,0
IPL,0.0,1,3015662.727272727,['Riau Islands'],0,-1,-1.0,0,0
XL,0.0,4,3732736.052989353,['Jakarta'],0,-1,-1.0,0,0
Star,0.0,3,2975334.568968969,['Jakarta'],0,-1,-1.0,0,0
fox,0.0,2,2840777.777777778,['Yogyakarta'],0,-1,-1.0,0,0
LEAP,0.0,7,2382912.6984126987,['Jakarta'],0,-1,-1.0,0,0
Dockerfile,0.0,1,5592859.090909091,['Jakarta'],88,99,-1.0,26,0
Dc,0.0,1,5592859.090909091,['Jakarta'],0,-1,-1.0,0,0
VBScript,0.33,2,3327448.015974184,['Jakarta'],692,-1,80.0,11,0
CORAL,0.0,1,3244448.151351352,['Jakarta'],0,-1,-1.0,0,0
UniVerse,0.0,1,1520833.3333333333,['Jakarta'],0,-1,-1.0,0,0
C2,0.0,38,1560416.6666666665,"['South Kalimantan', 'Riau', 'West Java', 'Yogyakarta', 'East Java', 'Jakarta', 'Riau Islands', 'South Sulawesi', 'Central Java', 'Banten', 'North Sumatra', 'South Sumatra']",0,-1,-1.0,0,0
